training_loss,test_accuracy,test_loss
0.5727740526199341,0.9992444444444445,0.46360029529686125
0.4042607247829437,0.16555555555555557,1.3551892768095026
0.19181425869464874,0.3486222222222222,1.0611811449338735
0.29059821367263794,0.3656888888888889,1.0783543762811512
0.10583069175481796,0.3636888888888889,1.1538600741206562
0.29969218373298645,0.30573333333333336,1.29219492517711
0.08235617727041245,0.7722666666666667,0.4626456421958544
0.08992333710193634,0.6461777777777777,0.6612643178219987
0.2855698764324188,0.5272,0.8707402786706802
0.0107827577739954,0.37146666666666667,1.1818817652949989
0.20539306104183197,0.7012,0.5770859599240599
0.04485747590661049,0.5076888888888889,0.9174873743734663
0.056448426097631454,0.2043111111111111,1.8234043265105226
0.023598963394761086,0.40355555555555556,1.18000732195407
0.047690097242593765,0.5919111111111112,0.7684520961729352
0.08270638436079025,0.6322222222222222,0.7006311737692233
0.06699035316705704,0.21222222222222223,2.08851988924554
0.20341691374778748,0.4458666666666667,1.1151590718733133
0.040817685425281525,0.4817777777777778,1.0560929418468323
0.014004840515553951,0.7283555555555555,0.5349616689552542
0.029850805178284645,0.6458222222222222,0.6932046717894256
0.09772942960262299,0.42684444444444447,1.256018837300052
0.3188818097114563,0.3428,1.5508482220797533
0.058086760342121124,0.5166666666666667,1.0072100182105925
0.06280284374952316,0.38337777777777776,1.3934959913016298
0.0624852329492569,0.5237333333333334,1.059718746542295
0.070145383477211,0.6119555555555556,0.7984640935731875
0.1313871294260025,0.7488,0.5188634719453299
0.012667073868215084,0.5968444444444444,0.8635637534817385
0.08373124152421951,0.6186222222222222,0.8155584438424855
0.020707515999674797,0.6192,0.8185363231227464
0.9402996301651001,0.6018222222222223,0.9125115418461689
0.02878614328801632,0.34444444444444444,1.9813395156169167
0.03384747728705406,0.5178666666666667,1.341406010189304
0.08753448724746704,0.7220888888888889,0.6092969920649102
0.11817456036806107,0.47226666666666667,1.4308554978026133
0.028980400413274765,0.6752444444444444,0.7368712039194919
0.044196996837854385,0.47857777777777777,1.5031529977372056
0.008155099116265774,0.7207111111111111,0.6553807660044723
0.01966989040374756,0.5920444444444445,1.0934095812469478
0.03481456637382507,0.8186666666666667,0.4094021950195846
0.0401909202337265,0.6910222222222222,0.8166530925811656
0.23298516869544983,0.7741777777777777,0.5404315748955681
0.11341474205255508,0.7506222222222222,0.6319019670989378
0.05999695137143135,0.8967111111111111,0.24229919270376324
0.08295569568872452,0.7097333333333333,0.8209076256263131
0.025762174278497696,0.8743111111111111,0.2851472312393741
0.012429466471076012,0.7806666666666666,0.5808890668016955
0.06612293422222137,0.7888444444444445,0.5626151331080979
0.015928860753774643,0.7882222222222223,0.5641060544425909
0.16869598627090454,0.9397333333333333,0.1471189911058542
0.02284976840019226,0.7690222222222223,0.6586220337822404
0.07602493464946747,0.7758222222222222,0.6614229443106019
0.01345703937113285,0.9054666666666666,0.2320235538898586
0.05104386433959007,0.9,0.24411742352065796
0.24041523039340973,0.8121777777777778,0.531963735570169
0.023557592183351517,0.9651111111111111,0.0793265421748428
0.014509719796478748,0.8827555555555555,0.2963564352991354
0.3288765847682953,0.8824888888888889,0.3053845016477015
0.21128378808498383,0.9316444444444445,0.16479757299996034
0.033011142164468765,0.8708888888888889,0.3607525577176817
0.00902351550757885,0.9232444444444444,0.1879673409622158
0.02462604083120823,0.9048888888888889,0.24301157211959545
0.0056212604977190495,0.9217777777777778,0.20077698817012732
0.010352731682360172,0.8629777777777777,0.40773596804465545
0.22524331510066986,0.8541333333333333,0.45844417998489084
0.019122973084449768,0.9428888888888889,0.14753971274044672
0.044211965054273605,0.9108444444444445,0.2448227316870028
0.06705163419246674,0.9236,0.2000815221180033
0.27246183156967163,0.92,0.21374385241178373
0.01969725824892521,0.9576888888888889,0.10607385268931216
0.13275843858718872,0.9344,0.18282013457616952
0.17239388823509216,0.8984444444444445,0.3081670751612168
0.030945777893066406,0.9143111111111111,0.24995140108745104
0.007320826407521963,0.9553333333333334,0.11462017415106977
0.05154549330472946,0.9404,0.168680974834159
0.01340433768928051,0.9466666666666667,0.14333946822906785
0.1828971654176712,0.9545777777777777,0.11667412573071653
0.4271278977394104,0.9149777777777778,0.26596924138027134
0.06492052972316742,0.9805333333333334,0.050428542192801795
0.09171981364488602,0.9509777777777778,0.13008412537784392
0.082038514316082,0.9060444444444444,0.29556214146451215
0.2769973874092102,0.9233777777777777,0.2362305896829055
0.0027585795614868402,0.9644,0.09382562847283653
0.058651670813560486,0.9573777777777778,0.11434388390688749
0.016134142875671387,0.9708888888888889,0.07809536599413289
0.12727780640125275,0.9590666666666666,0.11351418911155607
0.04942573606967926,0.8809333333333333,0.46189198188145203
0.07810068875551224,0.8845777777777778,0.42905993374278745
0.1052100658416748,0.9605777777777778,0.11114506934751342
0.00973504688590765,0.9440888888888889,0.17106699898089814
0.006682032719254494,0.9498222222222222,0.15499711799995208
0.17861156165599823,0.9444,0.171613752359408
0.006192183122038841,0.9642666666666667,0.10161943027409948
0.006685181520879269,0.9776888888888889,0.061596188669799073
0.04503333196043968,0.9516888888888889,0.14309639816657896
0.014667008072137833,0.9292444444444444,0.2400136287043598
0.03121110424399376,0.9050222222222222,0.36100006666018
0.08027727156877518,0.9408444444444445,0.18889128050858767
0.007543311920017004,0.9110222222222222,0.32453069779510807
0.20436151325702667,0.9660444444444445,0.10152135189879388
0.0045951856300234795,0.9387555555555556,0.20805174999389106
0.08663387596607208,0.9546666666666667,0.1403202928025051
0.012409890070557594,0.9577777777777777,0.12518513949794344
0.06774120777845383,0.9621777777777778,0.11797538544112314
0.0038475515320897102,0.9396888888888889,0.2016511078233393
0.02318265102803707,0.9505777777777777,0.16223321570407806
0.08455350995063782,0.9704444444444444,0.08434978750150465
0.005695917643606663,0.9667555555555556,0.10180666188024336
0.0015518713044002652,0.9844444444444445,0.04443700099816612
0.005532684735953808,0.9616444444444444,0.1231040346338983
0.4022523760795593,0.9696,0.09017211833480229
0.006189151667058468,0.9274222222222223,0.2663500907408491
0.14828570187091827,0.9748,0.08194698261250374
0.10281901061534882,0.9749777777777778,0.07745173281785561
0.0016676416853442788,0.9117333333333333,0.37252961517234023
0.008823267184197903,0.9774666666666667,0.06759131575162548
0.031120192259550095,0.9530222222222222,0.15402588382262403
0.0874829888343811,0.9735555555555555,0.0806813029226175
0.07067841291427612,0.9719555555555556,0.09081148232447368
0.1496044397354126,0.9736,0.08655174118537974
0.004132505040615797,0.9632888888888889,0.1167184939715952
0.06985092908143997,0.9624888888888888,0.13149707675842529
0.06997992843389511,0.942,0.21337884385539696
0.0028745674062520266,0.9608,0.12919691087957005
0.021581511944532394,0.9608444444444444,0.13770691810966074
0.09896264225244522,0.9478222222222222,0.1866496787774852
0.03244301676750183,0.9628888888888889,0.12053903031796889
0.02440832555294037,0.9564,0.1581816364808898
0.1621541976928711,0.8988444444444444,0.469723168611977
0.0007553455652669072,0.9327111111111112,0.27405241390650825
0.13803623616695404,0.8728888888888889,0.6525448208881752
0.011579897254705429,0.9664888888888888,0.11966678659352893
0.004083521198481321,0.9441333333333334,0.21178040733875475
0.0036854862701147795,0.9412,0.23012282420943425
0.024222251027822495,0.9568,0.1561553474068146
0.08380284905433655,0.9644,0.12897568391344935
0.48484328389167786,0.9492888888888888,0.18056956370227162
0.08193376660346985,0.9785333333333334,0.07410098705522251
0.006305174436420202,0.9834666666666667,0.05772382017327715
0.016058487817645073,0.9708,0.10937194303385026
0.07268034666776657,0.9821777777777778,0.05798152077650332
0.0718933716416359,0.9035555555555556,0.4626537816088431
0.16162747144699097,0.9734222222222222,0.09575755265294796
0.18908658623695374,0.9796,0.0712402670023588
0.019005512818694115,0.9822222222222222,0.0645248779078688
0.34986183047294617,0.9672444444444445,0.12084419634805837
0.005895264446735382,0.9254666666666667,0.3107604825292121
0.17642970383167267,0.9019555555555555,0.49410511378411415
0.25667604804039,0.9476444444444444,0.21087431261117984
0.02812265045940876,0.9704888888888888,0.10784576174117028
0.023789243772625923,0.9565333333333333,0.18452713105663426
0.0017342824721708894,0.9796444444444444,0.07591403968351737
0.013601917773485184,0.9901777777777778,0.03144360023507365
0.027545295655727386,0.9373777777777778,0.2719528170572037
0.005589780397713184,0.9692444444444445,0.1268811065465434
0.12637574970722198,0.9740888888888889,0.10697037924941755
0.05922657996416092,0.9104,0.44118689207807565
0.02841367945075035,0.9628888888888889,0.1544066322660513
0.03305155411362648,0.9789777777777777,0.07897594263989707
0.006191201973706484,0.9785333333333334,0.07673831408790652
0.027495265007019043,0.9637333333333333,0.15633460346689587
0.03571740910410881,0.9326666666666666,0.3067776699442601
0.0008286600932478905,0.9698666666666667,0.1200947510076
0.038108281791210175,0.9890666666666666,0.04060123316260486
0.0208795964717865,0.9254666666666667,0.36500109626484206
0.04102851450443268,0.9615111111111111,0.16610559265558258
0.05019868165254593,0.9660444444444445,0.1358794530389198
0.0009667508420534432,0.9484,0.2369350964333316
0.011575593613088131,0.9665777777777778,0.14224657943280208
0.017805956304073334,0.95,0.21863740072199192
0.00044833729043602943,0.9718222222222223,0.11674048854226328
0.004743918776512146,0.9661777777777778,0.15267874330012046
0.002731651533395052,0.9777777777777777,0.09366245100728803
0.05504439026117325,0.9319111111111111,0.3288743489819852
0.0027161077596247196,0.9571111111111111,0.16989190729884404
0.10137634724378586,0.9711555555555555,0.12464047387272757
0.0026494814082980156,0.9517777777777777,0.21950582304237418
0.01803843304514885,0.9467555555555556,0.22915186948312605
0.02321423962712288,0.9666222222222223,0.14611858529065821
0.49225178360939026,0.9454666666666667,0.23296630388442327
0.1328989714384079,0.9483555555555555,0.2257723633218626
0.002281391527503729,0.9843555555555555,0.06231673282556638
0.0988769605755806,0.9738666666666667,0.11397690494107972
0.05544186756014824,0.9607111111111111,0.19063943961286503
0.15038380026817322,0.9209333333333334,0.3831707981515464
0.02367941476404667,0.9734666666666667,0.11561013683938644
0.011460261419415474,0.9795111111111111,0.08531551540167602
0.0040848152711987495,0.9183111111111111,0.4403101253646284
0.07727260887622833,0.9276444444444445,0.3504294797907772
0.03669552132487297,0.9592444444444445,0.1971411445560956
0.010179982520639896,0.9809777777777777,0.07921622144332213
0.008746175095438957,0.93,0.35721390602547953
0.00908791646361351,0.9594666666666667,0.18331167646915952
0.0021896413527429104,0.9833777777777778,0.0690291851831819
0.017969796434044838,0.9227111111111111,0.3966438261860642
0.00215039006434381,0.9273333333333333,0.4052428151518625
0.0006787183228880167,0.9581777777777778,0.2130923924444079
0.0055058663710951805,0.9306666666666666,0.32274197939644333
0.02149803563952446,0.9217777777777778,0.46196363038282173
0.005692220758646727,0.9584888888888888,0.20672133084260694
0.001966965850442648,0.9367555555555556,0.3211903982554181
0.03607889264822006,0.9783555555555555,0.09848259292039957
0.0013600310776382685,0.9759111111111111,0.11047944824874531
0.014596259221434593,0.9440888888888889,0.29996849938266573
0.02796713262796402,0.9147111111111111,0.44171171703473955
0.005604609381407499,0.9660888888888889,0.16104263260644627
0.0629337877035141,0.9247555555555556,0.4323086926424584
0.011347532272338867,0.9624444444444444,0.18912267058157434
0.046562328934669495,0.9529777777777778,0.24936636191951123
0.10437583178281784,0.9664444444444444,0.16966012515071285
7.733642632956617e-06,0.9298666666666666,0.3737442424326543
0.00082923419540748,0.9068888888888889,0.49838443346630074
0.0007368234801106155,0.9734222222222222,0.12075099802070523
0.03102925233542919,0.9213777777777777,0.4259669214346186
0.0002652343828231096,0.9124,0.4922995826021364
0.014190117828547955,0.9568444444444445,0.21145467125242906
0.03000953234732151,0.9626222222222223,0.17838825214978932
0.06312457472085953,0.9769333333333333,0.1166572224314881
0.00407119607552886,0.9543111111111111,0.21961031221911342
0.01524500921368599,0.9480888888888889,0.25902150969446464
0.004600370768457651,0.9430222222222222,0.30898562136856494
0.055387161672115326,0.926,0.40305957728834196
0.0009480401640757918,0.9376,0.33648349427492175
0.01987062394618988,0.9752444444444445,0.11453467951296271
0.005514269694685936,0.9646666666666667,0.17791733793305703
0.0035786598455160856,0.9156444444444445,0.4331271799007579
0.05683015286922455,0.9357333333333333,0.35247088029883894
0.05037117749452591,0.9888,0.05364223017441164
0.10378968715667725,0.9382666666666667,0.35690645838958807
0.15191811323165894,0.9583111111111111,0.21926188096111254
0.0759166032075882,0.9314666666666667,0.39589303813240206
0.019269349053502083,0.9303555555555556,0.3856772441579736
0.0011716848239302635,0.9789777777777777,0.10073240311259346
0.008916627615690231,0.9509777777777778,0.24281032617384246
0.03759557381272316,0.9159111111111111,0.48895047121745083
0.024416949599981308,0.9019555555555555,0.6435236211307177
0.01005526166409254,0.9640444444444445,0.17342299559005153
0.0005814223550260067,0.9327111111111112,0.39049127479769113
0.0021328949369490147,0.9527111111111111,0.23858785928195006
0.008674289099872112,0.8780888888888889,0.8076728669477435
0.13852782547473907,0.9326222222222222,0.3917754804885494
0.0036546194460242987,0.9332444444444444,0.42057220573804405
0.0006342693231999874,0.9334666666666667,0.37679708847671234
0.015848930925130844,0.9322222222222222,0.3932311785614456
0.0033339839428663254,0.9598666666666666,0.21000130932043604
0.06348565965890884,0.9394666666666667,0.35593047486433593
0.09176576137542725,0.9766222222222222,0.11312607713147275
0.02467545121908188,0.9522666666666667,0.2468965672437565
0.007490848191082478,0.9165333333333333,0.48436652350232273
0.007283112499862909,0.9809333333333333,0.09436727682388546
0.006657648831605911,0.9208444444444445,0.47967583712493894
0.07033611834049225,0.9652,0.17695387136257157
0.008181659504771233,0.9176,0.45349770272022166
0.006921345368027687,0.9220888888888888,0.36344347547462874
0.008017857559025288,0.9463555555555555,0.2970365611424461
0.07565781474113464,0.8938222222222222,0.6569642642246198
0.28772908449172974,0.9589777777777778,0.20912488816405175
0.019805077463388443,0.9517333333333333,0.25057774372338104
0.005067974328994751,0.9614666666666667,0.17444486365111134
0.34492623805999756,0.9444888888888889,0.2834080914168662
0.035614997148513794,0.9670222222222222,0.16456034495405494
0.028761398047208786,0.9779555555555556,0.10815572762737072
0.001049723126925528,0.9535111111111111,0.25624310293930874
0.0023726236540824175,0.9471111111111111,0.3021786035638033
0.019458584487438202,0.9669333333333333,0.16854716136617073
0.04227408021688461,0.9676,0.1525360742668223
0.0035735908895730972,0.9299555555555555,0.42899035772605243
0.015997745096683502,0.8910666666666667,0.7072942927285989
0.0007095932378433645,0.9445333333333333,0.332607980026776
0.00036727587576024234,0.9504888888888889,0.2703596356093907
0.023786209523677826,0.9363555555555556,0.3494691292350366
0.009300013072788715,0.9606222222222223,0.21828057313969101
0.00298407394438982,0.8531555555555556,1.0273221405309196
0.1514442414045334,0.9604,0.22344702276008083
0.012054399587213993,0.9332,0.40183110284269996
0.015815280377864838,0.9450222222222222,0.31220559453049374
0.003915423061698675,0.9310222222222222,0.4041692053993168
0.028070174157619476,0.9548,0.2357899275010877
0.017243454232811928,0.9869333333333333,0.059320749164421246
0.002151238964870572,0.9416,0.3423665934146147
0.3799656927585602,0.9591555555555555,0.20189668401600452
0.2672848105430603,0.9229777777777778,0.4547282847152999
0.04109810292720795,0.9274666666666667,0.3851830132325176
0.1802525818347931,0.9557333333333333,0.2342012557571541
0.0037404759787023067,0.9286222222222222,0.4141435951156011
0.029899688437581062,0.9580444444444445,0.19141451828775638
0.012105941772460938,0.9407111111111112,0.3254047950558964
0.01895320415496826,0.95,0.2596431567343551
0.002221850212663412,0.9183111111111111,0.4592637734444758
0.021819787099957466,0.8735555555555555,0.8527981999038211
0.3142602741718292,0.9736,0.13125013441322841
0.6150140166282654,0.9461333333333334,0.2929180254761396
0.0025188822764903307,0.9466666666666667,0.3009832383625652
0.005276959855109453,0.9576888888888889,0.2280198785581474
0.0019912326242774725,0.9518666666666666,0.27243686842534437
0.019524866715073586,0.9539555555555556,0.23302791872465836
0.01920485310256481,0.9150222222222222,0.5149140492952555
0.00044090652954764664,0.9090666666666667,0.5266290915606715
0.0035055936314165592,0.9613777777777778,0.20753317424963147
0.002687654457986355,0.8993333333333333,0.5952786632700283
0.06736083328723907,0.9443111111111111,0.25054755467972606
0.015368943102657795,0.9356888888888889,0.35246017810738517
0.013103118166327477,0.9016,0.6167214981606535
0.0008868866134434938,0.9561333333333333,0.2120737416766032
0.04516547545790672,0.9582222222222222,0.23124325297117482
0.07839451730251312,0.9708444444444444,0.12591609935513964
0.0005142760346643627,0.8976444444444445,0.5782231410412241
0.11055780202150345,0.9114222222222222,0.5366795347144651
0.002405058592557907,0.9681777777777778,0.14721524728144791
0.030691616237163544,0.9193777777777777,0.45021967492476184
0.1163807213306427,0.9515111111111111,0.2467774399942645
0.0024106225464493036,0.9549333333333333,0.24588796099434634
0.1751307100057602,0.9456888888888889,0.31794599314330224
0.006978907622396946,0.9368888888888889,0.35594168328691816
0.0033504152670502663,0.9404,0.3291277527214033
0.02079433761537075,0.9682222222222222,0.1628550709412691
0.007946345023810863,0.9654666666666667,0.16430570159788507
0.015425184741616249,0.9166666666666666,0.44113146440439743
0.00196104496717453,0.9821777777777778,0.08416922858134313
0.04160599783062935,0.9732888888888889,0.1377367996375365
0.16494031250476837,0.9762222222222222,0.11200934155669369
0.060833752155303955,0.9012888888888889,0.5817200938734739
0.004823666997253895,0.9670666666666666,0.18690083760656045
0.0006989236571826041,0.9129333333333334,0.4932149126382696
0.02085009030997753,0.9734222222222222,0.14507561490301785
0.008645591326057911,0.9747111111111111,0.12755106244761186
0.002380572957918048,0.9400444444444445,0.3513214084622257
0.021629493683576584,0.9568888888888889,0.20094091794106633
0.0015130219981074333,0.9608888888888889,0.20328615635061406
0.0001886477693915367,0.9173777777777777,0.4837446706162045
0.007242475636303425,0.968,0.1525287742282437
0.2407672256231308,0.9153777777777777,0.5102780440615474
0.037306178361177444,0.9638666666666666,0.17990724072869987
0.0076048728078603745,0.9005333333333333,0.6246966679962808
0.009572983719408512,0.9654222222222222,0.1849625370469605
0.005412716884166002,0.9554222222222222,0.2408710167702609
0.00014810918946750462,0.9292,0.4025414610159323
0.005036851856857538,0.9430666666666667,0.30636967151050176
0.0014076352817937732,0.9629777777777778,0.20630310552644895
0.0015359169337898493,0.9334222222222223,0.3547463588620372
0.023664552718400955,0.9360888888888889,0.3704507740477147
0.0018786658765748143,0.9041333333333333,0.5728006625065349
0.002222789451479912,0.9734222222222222,0.12903712105171347
0.002120663644745946,0.9449777777777778,0.2998878329773829
0.0035115061327815056,0.9548444444444445,0.23206058135080845
0.0016116340411826968,0.9306222222222222,0.4124372882452638
0.8351185917854309,0.9201333333333334,0.46603607697521054
0.014778452925384045,0.9566666666666667,0.22616829820669518
0.006286170799285173,0.9387111111111112,0.3163194112033958
0.045092932879924774,0.8989777777777778,0.6567970648335721
0.01891920529305935,0.9514222222222222,0.26921850052414414
0.14192593097686768,0.9415111111111111,0.3189881426422929
0.0451473630964756,0.9671111111111111,0.16635397394975707
0.015754809603095055,0.9452444444444444,0.30752804367941666
0.008298994973301888,0.9721777777777778,0.12256662561408552
0.0023377451580017805,0.9038666666666667,0.5487693005098484
0.0068348771892488,0.9504,0.2669557635232282
0.005502438638359308,0.9733333333333334,0.1436055003944767
0.004323022440075874,0.9192444444444444,0.44644130057011727
0.006644023582339287,0.9620444444444445,0.20628407779029245
0.008448764681816101,0.9647555555555556,0.18789413443427408
0.009824310429394245,0.9239555555555555,0.36038992026522076
0.07205880433320999,0.9579555555555556,0.23970851347846098
0.0251038558781147,0.9301333333333334,0.3876617780767109
0.004749231971800327,0.9530222222222222,0.26165263641199005
0.014560210518538952,0.9467111111111111,0.292883624718567
0.016595132648944855,0.9600888888888889,0.19457844504012328
0.004914348013699055,0.9094666666666666,0.5126217762519667
0.06787082552909851,0.9626222222222223,0.1974244437868016
0.19499646127223969,0.9664,0.15995668263322826
0.023433612659573555,0.9800888888888889,0.09013483058675958
0.0026178827974945307,0.9388444444444445,0.3397745475625934
0.009661517105996609,0.9198222222222222,0.4566922522717395
0.03966755419969559,0.9477333333333333,0.24606047668020747
0.0022497838363051414,0.9575111111111111,0.2341454798553062
0.0005090686026960611,0.9508,0.24008785062095736
0.03352601081132889,0.8991555555555556,0.6176084921407405
0.002521035959944129,0.9582666666666667,0.20591714735309738
0.000277079816441983,0.9620444444444445,0.1941403036857139
0.007913494482636452,0.9186666666666666,0.4786050845788128
0.0392175167798996,0.9521777777777778,0.2512365895937737
0.001146984752267599,0.9183555555555556,0.44046671228968587
0.026786092668771744,0.9666222222222223,0.1833841571878188
0.014184745959937572,0.9351555555555555,0.3361844995565316
0.006058305501937866,0.9549777777777778,0.243632056433078
0.0027540826704353094,0.9769333333333333,0.11044591495017922
0.030408179387450218,0.9712888888888889,0.14228032436163207
0.0566142238676548,0.9341777777777778,0.35286144736366015
0.0010045113740488887,0.8664888888888889,0.8585982322121228
0.002708341460675001,0.9593333333333334,0.20676751673061444
0.0020621237345039845,0.9030666666666667,0.5970271335889207
0.002929513342678547,0.9780444444444445,0.10702841994054521
0.0009001496364362538,0.9670666666666666,0.14067458315766646
0.02514280565083027,0.9560444444444445,0.2309796803523894
0.08865226805210114,0.982,0.07693717102577617
0.004610064905136824,0.9449777777777778,0.30903868885185626
0.09804193675518036,0.9550666666666666,0.23843827599098727
0.08277761191129684,0.9112444444444444,0.5316667522593234
0.014689179137349129,0.9756444444444444,0.11700061473536474
0.014401605352759361,0.9413333333333334,0.30142095334933816
0.0011027647415176034,0.9912888888888889,0.03777795441662306
0.0016786206979304552,0.9756888888888889,0.11303730798623796
0.03450974449515343,0.9140444444444444,0.44635654196175606
0.00216660276055336,0.9658222222222222,0.16732766187062373
0.002534963423386216,0.9570222222222222,0.22627670846586037
0.00199689669534564,0.9187111111111111,0.4470126495707199
4.2496423702687025e-05,0.9405333333333333,0.2940251772503696
0.0025452724657952785,0.9633333333333334,0.19972782151244622
0.005451600067317486,0.9379555555555555,0.34996781007154726
0.007270823232829571,0.9654222222222222,0.16898942108828138
0.002613871591165662,0.9440444444444445,0.30422329766223094
0.06275925785303116,0.9606666666666667,0.18089489124699232
0.04253818839788437,0.9487555555555556,0.2743807369124417
0.000785182521212846,0.9357777777777778,0.3182811032772502
0.006512641906738281,0.9360444444444445,0.3522558412754344
0.159042626619339,0.9463555555555555,0.2705979960551582
0.0011599998688325286,0.8952888888888889,0.6458396284445134
0.157857745885849,0.9558666666666666,0.242954784846492
0.003367295488715172,0.9223111111111111,0.4235384936222312
0.04805135726928711,0.9802666666666666,0.0883347731894823
0.0537235401570797,0.9699555555555556,0.15820029437644928
0.0061836582608520985,0.9347555555555556,0.33814387690443903
0.016302980482578278,0.9103555555555556,0.536595925818352
0.0019751747604459524,0.9723111111111111,0.13933638832604714
0.014078851789236069,0.9252888888888889,0.4491023915824339
0.0025023911148309708,0.9403555555555555,0.2979867376884198
0.00490823108702898,0.9519555555555556,0.24888134263701406
0.002431195694953203,0.9423111111111111,0.2892513491005407
0.0065106796100735664,0.9530666666666666,0.24922879672767204
0.026866015046834946,0.9275111111111111,0.3680638469169543
0.00020071065227966756,0.9701333333333333,0.146374481383492
0.0009814432123675942,0.964,0.19786741311674017
0.017213856801390648,0.9890666666666666,0.042807341275826576
0.0018074444960802794,0.9755111111111111,0.11264282883669428
0.0009001681464724243,0.9328888888888889,0.33971989689883847
0.029729172587394714,0.9630222222222222,0.18743675947392122
0.006438280455768108,0.9248888888888889,0.44565900476580694
0.005643755663186312,0.9576444444444444,0.22941545255384127
0.0023247962817549706,0.9678222222222223,0.16453982567845352
0.0027473745867609978,0.9629777777777778,0.186138519604016
0.007283077575266361,0.9524888888888889,0.23680954705378818
0.14533944427967072,0.9336444444444445,0.36132407579744175
0.0014843962853774428,0.9503111111111111,0.2694126753911519
0.00021218105393927544,0.9548888888888889,0.22765784595947527
0.001656465814448893,0.9406222222222222,0.30801204465739696
0.018477141857147217,0.9192,0.46530527425093954
7.386598736047745e-05,0.9872,0.05094381578744556
0.017229920253157616,0.9452888888888888,0.2834926598375219
0.02045435644686222,0.9335555555555556,0.35232057758558877
0.0005049648461863399,0.9654666666666667,0.16209041758270934
0.26797688007354736,0.9662222222222222,0.17943640359448637
0.0014066732255741954,0.9244444444444444,0.4060216377583738
0.002630889415740967,0.9297777777777778,0.37542894932199766
0.01066773571074009,0.9484444444444444,0.26542510644276524
0.01298140361905098,0.9608,0.20703215955572016
0.01658385805785656,0.9419555555555555,0.32211839046625096
0.0174137931317091,0.8883555555555556,0.6392175504517283
0.16348867118358612,0.9137777777777778,0.4823931270474948
0.009998747147619724,0.9635555555555556,0.17558550877600002
0.0011055248323827982,0.9304444444444444,0.3501185072830571
0.0014133260119706392,0.9486666666666667,0.2699764192544398
0.10705652087926865,0.9651555555555555,0.16541516126826436
0.02868916466832161,0.9678222222222223,0.15303464126213745
0.00200795941054821,0.9571111111111111,0.21000943435636998
0.02800915017724037,0.9097777777777778,0.5355708505403228
0.10252828896045685,0.9516444444444444,0.25702147361921307
0.0008925280417315662,0.9170222222222222,0.46722156288581246
0.015441504307091236,0.9538666666666666,0.2330530944015234
0.00029234462999738753,0.9840888888888889,0.07109075033626228
0.00458909384906292,0.9428888888888889,0.3272907680622172
0.0006000643479637802,0.9425777777777777,0.32238266794376036
0.08067314326763153,0.9420888888888889,0.2837155100110875
0.009045382961630821,0.9742222222222222,0.11977788954042008
0.33567607402801514,0.9564444444444444,0.22702109116847713
0.004449309315532446,0.9268444444444445,0.3964834891484364
0.0006995127187110484,0.9595111111111111,0.20210987880646206
0.0005898001836612821,0.9474222222222223,0.25715784522992075
0.007028729189187288,0.9747111111111111,0.1220376508909198
0.00671873614192009,0.8797333333333334,0.7201270995639204
0.09042666852474213,0.9536888888888889,0.23776108610027685
0.009587361477315426,0.9247555555555556,0.3530733788681652
0.002145220525562763,0.9804444444444445,0.08129123077380088
0.000806654803454876,0.9565777777777777,0.21905068342574352
0.00042386644054204226,0.8951555555555556,0.6520788968225194
0.001478123595006764,0.946,0.2722141103167911
0.00198932783678174,0.9585777777777778,0.21451295200648535
0.001613386208191514,0.9505333333333333,0.25670672104673176
0.1123800128698349,0.9571111111111111,0.21181023317278705
0.018374374136328697,0.9608444444444444,0.19871485260665148
0.0014311157865449786,0.9545777777777777,0.21762119881490272
0.11245783418416977,0.956,0.2426176985394981
0.005937253590673208,0.9397777777777778,0.30245469179763507
0.01942707970738411,0.9568,0.23746471352391182
0.010294527746737003,0.9635555555555556,0.1707871476498702
0.024467403069138527,0.9029333333333334,0.5904317991116969
0.0029270960949361324,0.8669777777777777,0.7863488891168319
0.007548115681856871,0.9597333333333333,0.21886844308665787
0.1683007925748825,0.8682222222222222,0.8471566222681332
0.018495963886380196,0.9402222222222222,0.2996865962146432
